,Current_URL,Mementos,Days_Ago
0,https://www.narrativa.com/,177,6533
1,http://www.mallicoat.net/,14,4761
2,http://leksykon.com.pl/szef-mz-bedzie-16-szpitali-koordynacyjnych-ktore-zapewnia-kompleksowa-opieke-chorym-na-covid-19-110470-artykul.html,0,0
3,https://www.politico.com/news/2020/10/08/trump-gold-star-families-coronavirus-427875,7,3
4,https://www.behance.net/fozlayrabby,0,0
5,https://www.diariodexalapa.com.mx/mundo/francia-reporta-18-mil-746-nuevos-casos-de-covid-19-en-un-dia-pandemia-epidemia-coronavirus-contagios-5858229.html,0,0
6,"https://www.vedomosti.ru/society/news/2020/10/09/842655-o-pobochnih-effektah-favipiravira?utm_campaign=vedomosti_public&utm_content=842655-null,null,null,null,o,pobochnih,effektah,favipiravira&utm_medium=social&utm_source=twitter",0,0
7,https://radiotele6univers.net/,3,340
8,https://concilium-hr.co.uk/bringing-staff-back-to-work-after-furlough-2/,2,82
9,https://www.forskning.se/2020/10/02/kvaveoxid-mojlig-behandling-vid-covid-19/,0,0
10,https://www.theguardian.com/world/2020/oct/08/covid-deaths-34-times-higher-than-flu-and-pneumonia-ons-data?CMP=share_btn_tw,0,0
11,http://www.reusdigital.cat/,1026,4600
12,https://www.lsm.lv/,856,2696
13,https://ccforum.biomedcentral.com/,2106,1718
14,https://www.leparisien.fr/culture-loisirs/tv/covid-19-symptomatique-eric-zemmour-mis-a-l-isolement-07-10-2020-8398860.php,0,0
15,http://domtom.com/,206,7981
16,https://www.airwaysmag.com/403.shtml,1,786
17,https://www.instagram.com/officialxleo/,0,0
18,http://www.millhawk-sl.co.uk/,16,2259
19,https://ask.fm/nirnasuha,0,0
20,https://www.agcs.allianz.com/news-and-insights/expert-risk-articles/covid19-claims-thomas-sepp.html?_lrsc=78cf7b77-b2da-488b-880a-f67adfc8cb00&utm_source=social&utm_medium=leap,0,0
21,https://www.militarytoday.in/%E0%A4%95%E0%A5%8D%E0%A4%AF%E0%A4%BE-covid-19-%E0%A4%B5%E0%A4%BF%E0%A4%9C%E0%A5%8D%E0%A4%9E%E0%A4%BE%E0%A4%A8-%E0%A4%95%E0%A5%87-%E0%A4%AF%E0%A5%81%E0%A4%97-%E0%A4%95%E0%A4%BE-%E0%A4%85%E0%A4%82/,0,0
22,https://thenextweb.com/neural/2020/10/07/new-algorithm-suggests-horses-and-camels-are-highly-susceptible-to-covid-19/,2,4
23,https://www.winknews.com/2020/10/08/naples-mayor-speaks-on-positive-covid-19-test-result/,0,0
24,http://metrobali.com/cegah-dan-tanggulangi-covid-19-badung-gencarkan-edukasi-prokes-dan-penyemprotan-disinfektan/,0,0
25,https://bjgp.org/,267,2485
26,https://pbs.twimg.com/media/Ej2DGT2U4AAuYg_.png,0,0
27,https://www.lavozdelafrontera.com.mx/,1159,7086
28,https://achtungpartisanen.ru/na-urale-dokazali-effektivnost-geliy-kisloroda-dlya-lecheniya-covid-19/,0,0
29,https://www.bbc.co.uk/news/election-us-2020-54472053?utm_source=dlvr.it&utm_medium=twitter,0,0
30,https://weaintgotnohistory.sbnation.com/,10291,2567
31,https://www.valeursactuelles.com/politique/covid-19-macron-largement-desavoue-par-les-francais-pour-sa-gestion-de-la-crise-124467,0,0
32,https://t.me/runrunes,485,1139
33,https://www.youtube.com/watch?v=-rfXXokxElU&feature=youtu.be,0,0
34,http://www.newswire.lk/2020/10/09/individual-who-visited-colombo-international-book-fair-tests-positive-for-covid-19/,0,0
35,https://lisa-keeble-author.com/,3,115
36,https://lenterakristiani.com/,3,299
37,https://www.amazonpresse.com.br/2020/10/covid-19-numero-de-casos-estabiliza-e.html,0,0
38,https://thehimalayantimes.com/nepal/covid-19-infection-up-in-dhangadi/,0,0
39,https://www.britishlegion.org.uk/,2407,7974
40,https://pbs.twimg.com/media/Ej3nR6zXcAARi86.png,0,0
41,https://www.chicagotribune.com/suburbs/daily-southtown/ct-sta-orland-park-pritzker-lawsuit-st-1009-20201008-eh3pnzyjdbbipo57wjw5g7va4m-story.html,0,0
42,https://t.me/news_5ua,71,515
43,https://www.smashwords.com/books/view/1013658,2,61
44,http://www.idpsafety.co.uk/,80,6415
45,https://www.hansonzandi.com/,110,4679
46,https://curiouscat.qa/ishabad,1,41
47,https://www.wigan.gov.uk/index.aspx,399,2669
48,https://www.fnea.org/,29,5728
49,https://www.newindianexpress.com/states/odisha/2020/oct/09/covid-19-tests-plateauing-not-infection-curve-in-odisha-expert-2207951.html,0,0
50,https://andalucia.ccoo.es/sevilla,48,4451
51,https://www.hpretail.in/,204,2473
52,https://liztheiii.wordpress.com/,0,0
53,https://www.hcamag.com/ca/specialization/recruitment/eq-the-new-currency-of-covid-19-hiring/233287,1,29
54,https://www.instagram.com/ajaymaurya3272/,0,0
55,https://www.youtube.com/channel/UCCbdJdbZGAr2wDu9cIKACBQ,0,0
56,https://maartenboudry.be/,16,1118
57,https://tellonym.me/kweenKeela,0,0
58,https://www.educacionyfp.gob.es/mc/sgctie/inicio.html,7,96
59,https://www.tolajob.co.za/mobile/interstitial.php?url=http%3A%2F%2Fwww.tolajob.co.za%2Fmobile%2Fjobs_menu.php%3F&where=&jid=,0,0
60,https://blog.sudaraka.com/,172,4695
61,http://dpradhanbjp.com/,57,1584
62,https://www.hindustantimes.com/analysis/covid-19-should-force-india-to-think-about-its-elderly-population/story-gvj88qjoJffFG5ybI13ztN.html,0,0
63,http://benedictallen.com/,348,6836
64,https://www.nytimes.com/live/2020/2020-election-misinformation-distortions/trump-covid-cure,7,3
65,https://pbs.twimg.com/media/Ei7X3FvVgAEYCty.jpg,1,14
66,https://www.krone.at/2248298,0,0
67,https://mazo4f.com/diosdado-cabello-hay-que-cuidarse-no-se-expongan-ante-el-covid-19,0,0
68,https://vea.global/en-que-consiste-el-coctel-experimental-que-se-ha-tomado-trump-para-la-covid-19/,0,0
69,http://uk.linkedin.com/in/nhodder,0,0
70,https://www.npr.org/sections/goatsandsoda/2020/10/07/921224417/ironic-twist-last-spring-trump-halted-research-key-to-covid-19-drug-hes-now-take,8,4
71,https://setyoblog.wordpress.com/2020/08/24/new-study-coronavirus-can-survive-in-frozen-food-for-3-weeks-covid-19-news/,0,0
72,https://unfakingnews.com/,5,514
73,https://www.mohaddes.org/,1,358
74,https://www.mercer.de/,245,7173
75,http://www.aliciahoms.es/es,0,0
76,https://www.linkedin.com/in/pbsimpson/,0,0
77,https://www.chronicle.co.zw/,4919,6991
78,http://www.business-writers.co.uk/huw-sayer-personal-profile/,32,2180
79,http://www.ayto-velilla.es/,288,6532
80,https://www.nordeste1.com/,412,3775
81,https://usun.usmission.gov/statement-on-human-rights-during-the-general-debate-of-the-third-committee-of-the-un-general-assembly/,0,0
82,https://rcni.com/nursing-standard,144,1482
83,https://www.mk-illumination.com/en-GB/,18,708
84,https://wellnessways.weebly.com/,0,0
85,https://www.jasamarga.com/public/id/home.aspx,230,1206
86,https://www.mumbailive.com/en/politics/maharashtra-industry-minister-subhash-desai-holds-a-meeting-with-oxygen-suppliers-during-covid-19-pandemic-56344,0,0
87,https://uk.reuters.com/article/healthcoronavirus-china-covax-gavi/china-joining-covax-boosts-bid-to-ensure-fair-access-to-vaccine-gavi-tells-reuters-idUKL8N2H0124,0,0
88,https://www.instagram.com/salvo.gambuzza/,0,0
89,https://www.dialect.tech/how-covid-19-has-accelerated-digital-transformation,0,0
90,http://www.gale-harold.it/,220,5054
91,https://www.elcallejerodezaragoza.com/,42,3587
92,https://medical.maharashtra.gov.in:443/1154/Home,3,860
93,https://www.republicworld.com/fact-check/coronavirus/fact-check-did-dr-li-wenliang-claim-that-coffee-cures-coronavirus.html,2,101
94,https://www.facebook.com/williamslakenews,1,436
95,https://medium.com/@amashig94?source=linkShare-794388c9878f-1581988506&_branch_match_id=link-758121620787417344,0,0
96,https://www.sorbonne-universite.fr/,2449,2658
97,https://www.ciscoinvestments.com/covid-19-impact-frontline-workers/?utm_source=linkedinelevate&utm_medium=social-earned&utm_campaign=roundtables&_lrsc=9206db8b-2d50-44c6-93b9-f264df69c157&dtid=osolin001080,0,0
98,https://www.therupeebook.com/,199,2739
99,https://www.fetasantfeliu.cat/,167,3596
100,https://www.theguardian.com/uk-news/2020/oct/08/covid-19-scotlands-drinking-ban-in-chaos-over-meaning-of-cafe?CMP=Share_iOSApp_Other,0,0
101,https://www.jda.org.za/,269,6767
102,https://pbs.twimg.com/media/Ej3mKPUXYAADE3O.jpg,0,0
103,https://www.jornalet.com/,386,4720
104,https://divineuttarakhand.blogspot.com/,0,0
105,https://www.malliard.com/italkparanormal/,0,0
106,https://www.theguardian.com/uk-news/2020/oct/08/national-trust-to-cut-1300-jobs-as-a-result-of-covid-19-crisis?CMP=share_btn_tw,0,0
107,https://pbs.twimg.com/media/Ej3nUwAVgAI3nhW.jpg,0,0
108,https://don24.ru/,715,3499
109,https://www.instagram.com/p/CGHRakZgvq9/?igshid=19e5woqt9ugoo,0,0
110,https://www.eveningexpress.co.uk/,5748,7530
111,https://www.cbc.ca/news/health/covid-19-antibody-treatments-1.5755755,0,0
112,http://www.destradipopolo.net/,382,4746
113,https://pbs.twimg.com/media/Ejlrw5MUcAAjPty.jpg,79,6
114,https://alicanteplaza.es/,768,3446
115,http://thebusinessblurb.com/,9,435
116,https://novosti-novorossii.info/,13,559
117,https://www.euronews.com/2020/10/08/is-europe-having-a-covid-19-second-wave-country-by-country-breakdown?utm_medium=Social&utm_source=Twitter#Echobox=1602175796,0,0
118,https://www.epbusinessstrong.org/,11,39
119,http://noticieropanama.com/,7,2467
120,http://www.simonbrown.co.za/,65,3877
121,https://www.processimlabs.com/,132,1471
122,https://oucriminology.wordpress.com/,25,2653
123,https://www.nyks.nic.in/,313,2705
124,https://www.ara.cat/ara_mateix/catalunya-coronavirus-covid-19-restriccions-rebrots-contagis-ultima-hora-noticies-directe_12_2342285749_166683.html?utm_medium=social&utm_source=twitter&utm_campaign=ara,0,0
125,https://www.globalbreakingnews.net/,2,140
126,https://www.abc.net.au/news/science/2020-10-09/anti-beijing-group-with-links-to-steve-bannon-misinformation/12735638,2,2
127,https://www.lursoft.lv/,2031,8275
128,https://www.flintshire.gov.uk,831,7938
129,https://lecourrier-du-soir.com/face-a-la-revolte-des-regions-une-note-confidentielle-de-lelysee-preconise-un-reconfinement-regional-avec-couvre-feu/,0,0
130,https://www.channelnewsasia.com/news/asia/phuket-thailand-covid-19-tourism-13238598?utm_source=dlvr.it&utm_medium=twitter,0,0
131,https://www.bankfax.ru/,2797,6451
132,https://cuadernosdeseguridad.com/,452,7191
133,https://reflets.info/articles/covid-19-le-gouvernement-doit-assumer-publiquement-ses-erreurs,1,7
134,https://ohio8.vchecks.me/share/5YP5tn51jmI1?sid=833&scheme=https&host=antikor.com.ua&uri=%2f%3futm_referrer%3d&t=1602228845036&sad=v%2fgFIKMg%3d%3d&uid=GkLtqWHS4xpx2OVk&uct=1602228845035&kct=0&m=2&ver=7&flags=2176&ua=16363591595470215305&v=aGfKQVhcDaRyngvuxvD6dw,0,0
135,https://drorwell.wordpress.com/,0,0
136,https://solo.tribunnews.com/2020/10/09/protokol-kesehatan-3m-adalah-vaksin-terbaik-cegah-covid-19-simak-penjelasan-dokter,0,0
137,https://pbs.twimg.com/media/Ej0OKF5XsAUW9KU.png,0,0
138,https://www.youtube.com/channel/UCJwOrGrkqdLgqE1ajhhRgKQ,2,96
139,https://www.crfr.ac.uk/,236,7087
140,https://www.azcentral.com/story/entertainment/media/2020/10/08/deadline-mike-pence-covid-19/5930935002/,0,0
141,https://news.yahoo.com/lillys-rheumatoid-arthritis-drug-cuts-164034512.html,0,0
142,https://www.astroawani.com/berita-malaysia/tiada-petugas-di-penjara-reman-positif-covid-19-setakat-ini-262825,0,0
143,https://barta24.com/details/international/105328/covid-19-fatima--sdg-un,0,0
144,https://www.theamyspalding.com/,160,4643
145,https://pbs.twimg.com/media/Ej3nSqqWAAARgX0.png,0,0
146,https://www.sudouest.fr/lot-et-garonne/agen/,884,3836
147,https://4apk.info/apk/cz.nmbbrno.covid,0,0
148,https://magdalene.co,192,2571
149,https://www.facebook.com/Moneycomio,0,0
150,https://www.ukufu.com/,84,2474
151,http://thenewmentalhealth.org/,169,3026
152,http://www.radiothiva.gr/,64,2605
153,https://www.warc.com/newsandopinion/news/how-merediths-branded-content-operation-is-responding-to-covid-19/44197,0,0
154,https://rtp-news.com/,12,682
155,https://page.is/heolikein4chaboggu-intomunhwayeonguso,0,0
156,https://github.com/aol/cyclops,14,1732
157,http://kasandreasereno.com/,24,2718
158,https://www.corona-virus-cases.com/covid-19-ceska-republika/,0,0
159,https://www.instagram.com/elizabethangelc/,0,0
160,"https://www.info.elblag.pl/90,63369,W-elblaskim-szpitalu-przybywa-chorych-na-COVID-19-Respiratorow-nie-zabraknie-problem-jest-zpersonelem.html",0,0
161,https://www.foraus.ch/,319,3604
162,https://lauraberardi.com/,18,798
163,https://mnkgroup.ch/,2,94
164,https://www.ikonlondonmagazine.com/exclusive-interviews/,6,568
165,https://represent.com/store/jamie-co-limited,0,0
166,http://www.jmleray.com/,66,5297
167,https://www.lemonde.fr/planete/article/2020/10/09/coronavirus-cacophonie-et-inquietude-en-allemagne-face-a-la-hausse-rapide-du-nombre-de-contaminations_6055338_3244.html,0,0
168,https://www.hotnewhiphop.com/mike-pence-covid-19-diagnosis-story-accidentally-published-by-deadline-news.119306.html?utm_term=Autofeed&utm_medium=Social&utm_source=Twitter#Echobox=1602205526,0,0
169,https://grzegorz.link/arxivart,0,0
170,https://engineser.eu/ueber,1,68
171,https://lr1.lsm.lv/lv/lr1/,277,2232
172,https://pbs.twimg.com/media/Ej3m9JOXsAA0ikR.jpg,0,0
173,https://www.cnn.com/,33085,7418
174,https://www.kuleuven.be/wieiswie/nl/person/00015875,11,3348
175,https://pbs.twimg.com/media/Ej3M3xyXYAAfusr.png,0,0
176,https://www.elsaltodiario.com/coronavirus/ifema-francia-paris-medicos-sin-fronteras-pabellones-emergencia-multiplican-por-tres-contagios-covid-19,0,0
177,https://pbs.twimg.com/media/Ej1P-1WX0AAnNQ_.jpg,2,3
178,https://pbs.twimg.com/media/EjsvpheVgAAUxYU.jpg,3,4
179,https://www.facebook.com/HKDemoNow/timeline,0,0
180,https://cirugiadeadelgazamiento.com/,75,3108
181,https://www.npr.org/sections/latest-updates-trump-covid-19-results/2020/10/08/921924919/trump-has-completed-covid-19-treatment-course-white-house-physician-says?utm_medium=RSS&utm_campaign=news,0,0
182,https://tibet.net/,3185,7176
183,https://pbs.twimg.com/media/Ej3nF1yX0AEALgj.jpg,0,0
184,https://pbs.twimg.com/media/Ej3nhToXgAAtJBR.jpg,0,0
185,https://www.economist.com/graphic-detail/2020/10/08/one-in-three-people-want-preferential-access-to-a-covid-19-vaccine,1,2
186,https://dgalerts.docguide.com/nejm-says-us-leaders-should-lose-their-jobs-over-handling-covid-19-pandemic,0,0
187,https://pbs.twimg.com/media/Ej3m_ERWAAcQezc.jpg,0,0
188,http://www.plataforma-llengua.cat/,450,5215
189,https://www.instagram.com/asyrafar/,0,0
190,https://www.aljazeera.com/news/2020/10/8/ultra-orthodox-jewish-groups-sue-ny-governor-over-covid-19-curbs,1,2
191,https://www.comune.imer.tn.it/,61,3162
192,http://andygibson.org/,17,1241
193,http://panaynews.net/,182,1466
194,https://informateperu.pe/mundo/segun-deutsche-welle-peru-aposto-por-pruebas-rapidas-baratas-y-no-aptas-para-diagnosticar-covid-19/,0,0
195,https://www.vice.com/en/article/akzm5b/are-young-people-to-blame-coronavirus-north-england,0,0
196,https://www.forbes.com/sites/daviddawkins/2020/10/05/kenzo-takada-dies-after-covid-19-battle--bernard-arnault-mourns-designers-fresh-and-spontaneous-spirit/?utm_source=TWITTER&utm_medium=social&utm_content=3831652462&utm_campaign=sprinklrForbesLifeTwitter#6668b4d21663,0,0
197,https://pbs.twimg.com/media/Ej3nrJ_WkAEbDdd.jpg,0,0
198,https://www.beritasatu.com/faisal-maliki-baskoro/nasional/685621/21-pendemo-di-medan-reaktif-covid19,0,0
199,http://dcnewdelhi.delhigovt.nic.in/,74,5750
200,https://www.nuffieldtrust.org.uk/resource/chart-of-the-week-covid-19-test-and-trace-programme-is-still-a-leaky-system,2,17
201,http://www.fao.org/news,104,7721
202,https://www.salon.com/2020/10/08/kushners-covid-19-task-force-consisted-of-untrained-volunteers-using-personal-email-documentary_partner/,2,2
203,https://theasianindependent.co.uk/,38,1030
204,https://www.ouest-france.fr/monde/etats-unis/elections-americaines/elections-americaines-a-102-ans-le-covid-19-ne-l-empeche-pas-d-aller-voter-contre-trump-7006571?utm_source=twitter&utm_medium=social&utm_campaign=rss_to_twitter,0,0
205,https://www.water.club/,3,308
206,https://sunshack.wordpress.com/,30,3389
207,https://www.theteahousetime.com/,0,0
208,https://ddpgroup.org/,30,3583
209,https://www.bfmtv.com/replay-emissions/120-pourcent-news/covid-19-olivier-veran-appelle-a-la-responsabilisation-de-tous-08-10_VN-202010080451.html,0,0
210,https://www.youtube.com/watch?v=aii3fDdZnrM&app=desktop,15,1324
211,https://sporadestv.com/2020/10/09/covid-19-sti-machi-kai-ta-kentra-ygeias-tis-dodekanisoy-pos-tha-leitoyrgoyn/,0,0
212,https://www.hawking.org.uk/in-words/lectures/the-origin-of-the-universe,2,79
213,https://palestinabisa.com/,0,0
214,https://central-ua.tv/news/,5,564
215,https://datos.digital/,1,65
216,https://valor.globo.com/brasil/noticia/2020/10/08/maia-relata-que-teve-mais-de-20percent-do-pulmao-comprometido-pela-covid-19.ghtml,0,0
217,http://www.unodc.org/,4293,6519
218,https://www.aljazeera.com/news/2020/10/9/mcconnell-says-he-avoids-white-house-cites-lax-covid-19-approach,0,0
219,https://news.sky.com/story/coronavirus-uk-records-another-14-162-covid-19-cases-12098371,1,3
220,https://navbharattimes.indiatimes.com/,17795,6830
221,https://scholar.google.com/citations?user=LPSxY0YAAAAJ&hl=en,0,0
222,https://pbs.twimg.com/media/Ej3nNjqWsAApYhx.jpg,0,0
223,https://www.annapurnarecruitment.com/,143,2637
224,https://www.iol.co.za/dailynews,5934,3342
225,https://www.globaldiasporanews.com/la-covid-19-cambia-para-siempre-el-modo-en-que-compramos-por-internet/,0,0
226,https://www.facebook.com/A.K.V.Jehowa/,0,0
227,https://www.prensa-latina.cu/,15196,7984
228,https://elpais.com/america/,3067,1720
229,https://pbs.twimg.com/media/Ej3nohCXsAEvSJa.jpg,0,0
230,https://www.england.nhs.uk/statistics/statistical-work-areas/covid-19-hospital-activity/,19,92
231,https://dailyasset.ng/molecular-diagnostic-capacity-now-in-each-state-for-covid-19-testing-ncdc/,0,0
232,https://www.dawateislami.net/,1227,7984
233,https://skwawkbox.org/2020/10/08/girls-10-19-biggest-age-group-in-new-covid-infections-with-boys-in-same-group-4th-largest/,0,0
234,https://www.audible.com/pd/So-That-Happened-Audiobook/B00V6FCH0E,1,522
235,https://globoesporte.globo.com/es/,516,3492
236,https://www.gelora.co/2020/10/sri-mulyani-minta-mk-tolak-uji-materi.html,0,0
237,https://romah24.com/trieste-salario/news/covid-19-ecco-dove-potete-fare-il-test-antigienico-nel-quartiere-e-non-solo/,0,0
238,https://www.facebook.com/isinghshailendra09,0,0
239,https://informator.press/svit-onovyv-rekord-z-naybilshoi-kilkosti-vypadkiv-covid-19-za-dobu/,0,0
240,https://www.cio.com/article/3583638/4-tips-for-keeping-sap-transformation-projects-on-track-during-the-covid-19-crisis.html,2,10
241,http://www.dwiz882am.com/,645,2010
242,https://www.telegraph.co.uk/global-health/science-and-disease/coronavirus-covid-news-trump-scotland-lockdown-uk-cases/,3,2
243,https://virtual.globalfact7.com/,16,115
244,https://www.facebook.com/munzaa,0,0
245,https://www.fanabc.com/english/ethiopia-registers-902-new-cases-7-deaths-from-covid-19/,0,0
246,https://www.orizzontescuola.it/covid-19-effetto-scuola-sui-contagi-223-istituti-chiusi-1-493-con-almeno-un-caso-i-dati-aggiornati/,0,0
247,https://www.felinfach.com/,102,6536
248,https://www.pwc.com/id/en/,754,3472
249,https://www.anti-k.org/2020/10/09/covid-19-comment-les-super-riches-se-sont-enrichis-pendant-la-pandemie/,0,0
250,https://backoffice.webandcloud.com/authentication/login,1,65
251,https://www.alert-online.com/pt/news/health-portal/covid-19-consorcio-propoe-terapia-inovadora-para-eliminar-o-virus-em-segundos,0,0
252,https://wiadomosci.wp.pl/koronawirus-w-polsce-zmarl-ksiadz-julian-jozwik-byl-zakazony-covid-19-6560941887773568a,3,7
253,https://www.guampdn.com/,1621,4776
254,https://www.youtube.com/CoolBoomBoy,0,0
255,https://www.bfmtv.com/sante/covid-19-selon-l-inserm-4-5-des-francais-de-metropole-avaient-des-anticorps-en-mai_AD-202010090056.html,0,0
256,https://petition.parliament.uk/petitions/320711,26,116
257,https://pbs.twimg.com/media/Ej3nrFaVoAAhifI.jpg,0,0
258,https://www.pharmaindustrie-online.de/,131,6794
259,https://pbs.twimg.com/media/Ej3nIsEX0AA2nHm.jpg,0,0
260,https://pbs.twimg.com/media/EjuH2XSXYAAeqG6.jpg,1,4
261,https://www.anamnese.me/logiciel/covidhelp-depistage-tele-suivi-tele-surveillance-coronavirus,1,22
262,https://www.ara.cat/,7135,4979
263,https://pbs.twimg.com/media/Ej3mfccVcAAgLMJ.jpg,0,0
264,https://www.thisinstitute.cam.ac.uk/staff/professor-graham-martin/,4,710
265,https://www.ara.cat/politica/,1025,3603
266,https://elpais.com/espana/madrid/2020-10-08/ayuso-destina-a-sanidad-menos-de-la-mitad-de-los-casi-1500-millones-del-fondo-covid-19.html?ssm=TW_CC,0,0
267,http://www.europe-direct-charentes.eu/,15,931
268,https://www.facebook.com/viviana.desio.77,1,201
269,https://www.staatsoper-stuttgart.de/en/opera/ensemble/mark-munkittrick_bass/,0,0
270,http://www.prounited.ca/,8,1617
271,http://www.linkedin.com/in/davmur/,0,0
272,https://news.yahoo.com/wisconsin-nations-covid-19-hot-191400235.html?soc_src=hl-viewer&soc_trk=tw,0,0
273,https://www.voanoticias.com/centroamerica/nicaragua-cientificos-alertan-gobierno-por-posible-rebrote-covid19,0,0
274,http://www.gerardoperez.es/blog/mis-novelas/,14,2199
275,http://drvikramlotwala.com/,20,1355
276,https://www.zaqs.org/business.html,1,68
277,https://www.himss.org/,5263,8741
278,https://www.presse-citron.net/nvidia-investit-44-millions-deuros-dans-la-conception-dun-supercalculateur-pour-lutter-contre-la-covid-19/,0,0
279,https://www.samaritans.org/branches/southport/,9,199
280,http://deming.org/,1295,8696
281,https://www.nehaber24.com/,447,4618
282,https://pluspora.com/u/revilo,0,0
283,https://dailyasset.ng/,13,794
284,https://pbs.twimg.com/media/Ej3nkuJU8AEzY26.jpg,0,0
285,http://cubacoopera.uccm.sld.cu/,184,1441
286,https://www.irishtimes.com/sport/gaelic-games/dungarvan-s-covid-19-error-will-have-longer-term-implications-than-cork-s-1.4376121,1,2
287,https://pbs.twimg.com/media/Ej1gNrmX0AAqvrS.jpg,1,3
288,https://www.warringtonguardian.co.uk/sport/18779991.super-league-confirms-10-positive-covid-19-tests/?ref=rss,0,0
289,https://www.instagram.com/cam2go/,0,0
290,https://www.alainet.org/es/articulo/209249,0,0
291,https://www.iol.co.za/news/south-africa/mkhize-explains-reason-for-rise-in-covid-19-deaths-in-sa-633f6dd8-e640-46b1-9521-2c326ae6797d,0,0
292,http://www.financialexpress.com/,14387,7974
293,https://girlseducationchallenge.org/#/,11,2328
294,https://www.bni.co.id/id-id/,1688,1957
295,https://www.nytimes.com/live/2020/2020-election-misinformation-distortions/trumps-covid-19-scare-propels-him-to-record-facebook-engagement?partner=IFTTT,0,0
296,https://curiouscat.qa/Jhowie_Nitnek,2,50
297,https://www.pscp.tv/w/ck6d_zFtTUVQdm5uekdvS0d8MUx5eEJhZFJMYXJKTv1CA6BODJMWGgAWgd92GOyaH3rgWOxtu2soMVz7qQ_y,0,0
298,https://www.presidencia.gob.cu/es/noticias/no-confiarse-ante-la-covid-19-clave-para-el-exito/,0,0
299,https://soundcloud.com/lil-sad-747928174,0,0
300,https://pressone.ph/,8,386
301,https://www.elgarrotxi.cat/,105,3868
302,https://soundcloud.com/user-765523672,1,523
303,https://75brigadamixta.blogspot.com/,22,2646
304,https://www.nature.scot/,189,1034
305,https://www.livearad.ro/tratamentul-regeneron-cu-anticorpi-ar-putea-ajunge-mai-repede-la-bolnavii-de-covid-19/,0,0
306,https://www.standard.co.uk/news/health/suspected-coronavirus-cases-three-times-higher-a4542236.html,1,33
307,http://metrobali.com/,463,6027
308,https://secreto.site/id/15736344,0,0
309,https://alphabetablog.com/,30,2530
310,https://www.bostonglobe.com/2020/10/03/metro/nearly-one-third-patients-plymouth-doc-facility-test-positive-covid-19-agency-reports/,3,7
311,https://www.facebook.com/ProgressWithCoalition/,2,230
312,https://www.amehnews.com/nigerias-covid-19-cases-rise-by-103-to-59841/,0,0
313,https://sleddogwatchdog.wordpress.com/,170,2682
314,https://www.instagram.com/azul_cb/,0,0
315,https://www.instagram.com/KasunGamagelive/,0,0
316,https://ojo-publico.com/1768/covid-19-peru-compro-test-rapidos-sin-certificacion-china,4,175
317,https://beritamanado.com/forkopimda-mitra-koordinasikan-penanganan-covid-19-dan-keamanan-kebun-raya-megawati/,0,0
318,http://istanleycohen.org/,100,2932
319,https://www.reuters.com/article/us-health-coronavirus-australia-idUSKBN26U0AX?taid=5f7fed3253c9a00001f376bf&utm_campaign=trueAnthem:+Trending+Content&utm_medium=trueAnthem&utm_source=twitter,0,0
320,https://www.businesslive.co.za/bd/world/europe/2020-10-08-madrid-court-strikes-down-governments-covid-19-curbs/?utm_medium=Social&utm_source=Twitter#Echobox=1602185198,0,0
321,https://www.asajajaen.com/,331,7037
322,https://pbs.twimg.com/media/Ej3m4S_WoAIq1hp.jpg,0,0
323,https://www.isciii.es/Noticias/Agenda/Paginas/Entradas_Agenda/JornadaENMTPandemiaCPVIDImpactoMutuas.aspx,0,0
324,https://www.englandboxing.org/,35,1729
325,https://www.healthwire.co/ima-seeks-clarification-from-union-health-minister-harsh-vardhan-over-ayush-based-protocol-for-prevention-of-covid-19/,0,0
326,https://pbs.twimg.com/tweet_video_thumb/EjuuZGLXkAItBy5.jpg,1,4
327,https://gauchazh.clicrbs.com.br/coronavirus-servico/noticia/2020/10/brasil-registra-729-mortes-por-covid-19-em-24-horas-e-total-chega-a-148-957-ckg1fdppe008h01hvzz0gtme7.html,0,0
328,https://www.instagram.com/aquzairi7/,0,0
329,https://www.forbes.com/sites/serenitygibbons/2020/10/08/reopening-your-office-5-above-and-beyond-covid-19-precautions/,1,3
330,https://www.elnacional.com/venezuela/regimen-reporto-615-casos-y-7-muertes-por-covid-19/,0,0
331,https://www.corona-virus-cases.com/,0,0
332,https://www.youtube.com/channel/UCTJJrAQHNh6ruF0I_tTIjUw/,0,0
333,https://eldiario.com/2020/10/06/trump-covid-mercados-internacionales/,0,0
334,https://www.freemalaysiatoday.com/category/bahasa/tempatan/2020/10/09/100-pelajar-sk-bangsar-tak-hadir-selepas-2-murid-positif-covid-19/,0,0
335,http://beritamanado.com/,717,4541
336,https://linktr.ee/JoshuaMcdonald,0,0
337,https://algunosapuntespublicos.wordpress.com/,15,2555
338,https://time.com/5898375/white-house-mark-meadows-covid-19-wedding/,1,2
339,https://www.elperiodico.com/es/entre-todos/participacion/el-covid-19-un-nuevo-dilema-del-tranvia-203749,0,0
340,https://barnitka.travel.blog/,0,0
341,https://x0pa.com/,71,1235
342,http://www.bero.dk/,26,3873
343,https://www.diasporaengager.com/,191,2502
344,https://wonkhe.com/staff/jim-dickinson/,34,2141
345,https://sputniknews.com/world/202010091080714377-covid-19-live-updates-india-again-records-worlds-largest-daily-rise-with-70496-new-cases/,0,0
346,https://malaysiagazette.com/,203,3802
347,https://www.youtube.com/c/QudsiyaVlogsMasterclasses,0,0
348,https://pbs.twimg.com/media/Ej3Ida5X0AEupUn.jpg,0,0
349,https://www.imdsg.es/,118,4669
350,https://www.instagram.com/munirahsaridan__/,0,0
351,https://www.hurriyet.com.tr/sporarena/,2762,1300
352,https://newsin.asia/,113,1526
353,https://www.instagram.com/moctarkane/,4,616
354,https://pbs.twimg.com/media/Ej3nSUNXYAYrQL_.jpg,0,0
355,https://www.foodaidnetwork.org.uk/,85,1583
356,http://powerfromspace.blogspot.com/,56,3383
357,https://bordermedonc.com.au/,135,5979
358,https://www.lemonde.fr/signataires/anne-rodier/,469,509
359,https://www.westerkwartier.nl/,138,7192
360,https://pbs.twimg.com/media/EjyzaC3X0AAyrXR.jpg,1,3
361,https://www.sbmintel.com/2020/10/daily-watch-new-suit-sheds-new-light-on-alpha-beta-africa-to-feel-covid-19-economic-pinch/,0,0
362,https://cezannehr.com/,637,2749
363,http://www.hbes.in/,0,0
364,https://curiouscat.me/InshafImam,0,0
365,https://www.aboutkidshealth.ca/,428,5953
366,https://www.empowered-achiever.com/,2,798
367,https://barbiewithatude.tumblr.com/#_=_,4,3196
368,https://www.jn.pt/,9947,7974
369,https://www.tuatupr.com/,181,4401
370,http://www.yalta-24.ru/,2437,1812
371,https://www.dotcomnieuws.com/,137,1130
372,https://medium.com/@soldopane,0,0
373,https://hotforsecurity.bitdefender.com/blog/covid-19-vaccine-trials-slowed-down-by-a-ransomware-attack-24287.html,0,0
374,https://www.facebook.com/batraccchpcl,0,0
375,https://www.orizzontescuola.it/piu-ragazze-a-scuola-ma-il-covid-19-ha-accentuato-lesclusione-il-report-dellunesco/,0,0
376,http://www.impasto.co.uk,90,6429
377,https://donteatthechalk.wordpress.com/,21,2817
378,https://disruptiveafricaexpo.com/,59,1829
379,https://pbs.twimg.com/ext_tw_video_thumb/1299145967581777920/pu/img/JrJNy3Uqu3H2acDJ.jpg,63,44
380,https://thesagarschool.org/,231,7169
381,https://www.kompas.tv/article/114597/terapkan-protokol-kesehatan-ini-potret-srikandi-polri-yang-bantu-urus-jenazah-pasien-covid-19?utm_source=dlvr.it&utm_medium=twitter,0,0
382,https://soundcloud.com/skuals,0,0
383,https://twpf.jp/davide7285,0,0
384,https://www.bbc.com/japanese/54473384,0,0
385,https://reseauinternational.net/covid-19-psychose-je-ne-marche-plus-video-100-jaune/,0,0
386,http://www.ambulancedienstenleiden.nl/,16,2982
387,https://www.facebook.com/flx/warn/?u=https%3A%2F%2Fnews.gov.bc.ca%2Freleases%2F2020HLTH0053-001871&h=AT1y88ugsmoK-LkBqBrzFRH0DFTIbTEeI2QwzmFchTfcCJb2_BA47ExKnVOlvJmguAN4Gi-DTQC6sov2avqCc0oGdswQObmREAqQpp804dAgZubQoI76G2-CLKOsq27D,0,0
388,https://leblogdefran75gb.wordpress.com/,0,0
389,https://www.facebook.com/fACEdMUSIC,0,0
390,http://robinsonwardnewmedia.blogspot.com/,14,2614
391,http://mishawolinski.com/,49,4916
392,http://genelandmusic.com/,69,7163
393,https://www.examinerlive.co.uk/news/local-news/covid-19-patrols-set-come-19071152,0,0
394,https://ktul.com/,7648,7984
395,https://www.ostro.org/,3933,6523
396,http://gcaa.altervista.org/,60,3863
397,https://www.sudouest.fr/2020/10/08/direct-video-covid-19-en-france-suivez-la-declaration-d-olivier-veran-7939280-10861.php,0,0
398,https://www.themiddlemarket.com/opinion/how-to-use-earnouts-to-adjust-to-the-covid-19-m-a-landscape?utm_campaign=themiddlemarket-tw&utm_source=twitter&utm_medium=social&utm_content=socialflow,0,0
399,http://www.ethnicityawards.com/,12,433
400,https://timesofindia.indiatimes.com/etimes,5159,1019
401,https://onerazzchannelservices.wordpress.com/2020/10/09/covid-19-pandemic-shouldnt-deter-sarawak-from-holding-polls-soon-say-analysts-https-t-co-58rj5fchyg/,0,0
402,https://jmzaragoza.net/,9,1269
403,"https://wyborcza.pl/0,0.html?disableRedirects=true",5295,1829
404,https://www.healthwire.co/,17,2728
405,https://vimeo.com/280865483,0,0
406,https://pbs.twimg.com/media/Ej3lukIWAAEOsWj.jpg,0,0
407,http://www.delhipolice.nic.in/,1788,7361
408,https://valenzuelapost.com/,66,1701
409,https://pbs.twimg.com/media/Ej3m9JQWkAAAFFm.jpg,0,0
410,http://www.vvkloosterhaar.nl/,62,5050
411,https://pbs.twimg.com/media/Ej3DIQQVoAAPyd0.jpg,0,0
412,https://www.farmactiva.es/,175,6120
413,https://www.onufemmes.fr/,191,2508
414,https://www.reuters.com/article/us-health-coronavirus-china-covax-idUKKBN26U027?taid=5f7fd6eb53c9a00001f3767d&utm_campaign=trueAnthem:+Trending+Content&utm_medium=trueAnthem&utm_source=twitter,0,0
415,https://www.instagram.com/ainynajyh4h/,0,0
416,https://www.cnaint.com/,194,4628
417,https://www.worldbank.org/en/country/somalia,316,2891
418,https://www.manilatimes.net/2020/10/09/editorial-cartoons/covid-19-cases-in-ph-decreasing-up-experts/778161/,0,0
419,http://www.unite.org.nz/,368,5974
420,https://www.lopinion.fr/edition/economie/covid-19-sante-l-economie-mieux-vaut-confinement-strict-selon-fmi-226013,0,0
421,https://www.instagram.com/sebastiansotoalamos/,0,0
422,https://www.linkedin.com/signup/cold-join?session_redirect=https%3A%2F%2Fwww.linkedin.com%2Fm%2Fin%2Falessandro-alfieri&trk=login_reg_redirect,0,0
423,https://mailchi.mp/1d930d718627/sencha-et-aroma,0,0
424,https://www.lastgerm.com/breezy1,1,68
425,https://www.instagram.com/r.achy/,12,2285
426,https://www.sodexojobs.co.uk/jobs/job/Covid19-Multiskilled-Operative-Local-Test-Site/59628?idOrigine=1814&mediaGuid=fe2de7ad-3df7-4213-8e9c-80df3a1f353e&bidCode=ec5d0800-7f75-40e5-b968-ea7eda99cf39&jobboard=,0,0
427,https://www.dw.com/fr/covid-19-en-allemagne-hausse-inqui%C3%A9tante-des-infections/a-55208629?maca=fr-Twitter-sharing,0,0
428,https://www.bbc.co.uk/news/resources/idt-b254ccd5-01b1-4d5c-80c9-1c52f04d3927,2,3
429,https://carh.org.uk/,5,793
430,https://prisonscrew.wordpress.com/,9,3087
431,https://www.sheffield.ac.uk/postgraduate/taught/courses/2020/public-health-online-mph-pg-certificate-pg-diploma,2,103
432,https://www.rfi.fr/fr/france/20201008-covid-19-les-h%C3%B4pitaux-d-ile-france-passent-en-plan-blanc-renforc%C3%A9,0,0
433,https://pink.pharmaintelligence.informa.com/PS143029/COVID19%20Should%20Force%20Soul%20Searching%20Over%20Fragmented%20US%20Clinical%20Trials%20System%20Woodcock%20Says?amp;utm_medium=RSS&utm_campaign=search_rss&src=social&account_type=TWITTER&account_name=PharmaPinkSheet&utm_campaign=Awareness&utm_source=twitter&utm_medium=social&linkId=101601627,0,0
434,https://fort-russ.com/2020/09/belarusian-president-lukashenko-says-imf-offered-a-billion-usd-bribe-to-impose-covid-19-lockdown/?fbclid=IwAR3ZGEblw9Fi_r2N5gEA47k96d5Gmu_wB3duFc7EOG_5ZEZFXdELzDvvcQY,0,0
435,https://www.freemalaysiatoday.com/category/nation/2020/10/09/warning-on-fake-news-about-13-cabinet-members-with-covid-19/,0,0
436,https://www.birminghammail.co.uk/news/midlands-news/isolating-birmingham-university-students-covid-19071210,1,3
437,https://profesionalespanama.net/nacionales/la-covid-19-acelera-tendencia-divergente-de-consumo-petrolero/,0,0
438,https://www.lemonde.fr/societe/article/2020/10/08/coronavirus-en-france-les-hopitaux-et-cliniques-doivent-se-preparer-a-une-maree-tres-forte-selon-l-ars_6055291_3224.html,1,3
439,http://decampou.com/,86,4119
440,https://www.medicaldetectiondogs.org.uk/,592,3530
441,https://pbs.twimg.com/media/Ej2h_RVXcAEmZND.jpg,1,2
442,https://www.flickr.com/photos/heavybuddha/sets,0,0
443,https://pbs.twimg.com/media/Ej3nVQ1WsAA-1k2.jpg,0,0
444,https://www.consultancy-me.com/,83,939
445,https://www.stjude.org/donate/donate-to-st-jude.html,68,867
446,https://writtenbyreh.wordpress.com/,0,0
447,https://www.sharpmind.de/pages/de/start.php?lang=DE,75,4677
448,http://yourincomeathome.com/,29,5294
449,https://www.youtube.com/thaitvnewstube/,4,1408
450,https://www.facebook.com/ReflexologistLucyHarrison?ref=hl,0,0
451,https://www.instagram.com/xnorapipah/,0,0
452,https://www.puntosicuro.it/,986,7331
453,https://www.ljmu.ac.uk/study/courses/postgraduates/covert-investigation-and-specialist-intelligence-msc,3,207
454,https://www.facebook.com/joanmanel.munoz,0,0
455,https://play.google.com/store/apps/details?id=com.ubsipmb.ubsi,1,67
456,https://kaijufanboy.blogspot.com/,0,0
457,https://thehill.com/homenews/administration/520116-white-house-security-official-reported-to-be-gravely-ill-with-covid,5,3
458,https://cybercercle.com/,25,1832
459,https://www.plataformaeducativa.org/,157,5865
460,https://www.expression.com.au/,318,7164
461,https://www.meljayturner.com/,2,112
462,http://www.toutsurlatransfusion.com/,86,3676
463,https://zeenews.india.com/hindi/india/india-covid-19-tally-crosses-69-lakh-mark-with-a-spike-of-70496-new-cases-reported-in-the-last-24-hours/762471,0,0
464,https://www.poferries.com/de,99,2016
465,https://www.npr.org/sections/latest-updates-trump-covid-19-results/2020/10/08/921290654/new-scrutiny-on-trumps-gold-star-event-after-covid-19-outbreak?utm_medium=RSS&utm_campaign=news,0,0
466,https://www.robinspost.com/news/sports-news.html,148,2059
467,https://www.salon.com/about/ways_to_get_salon,2774,3298
468,https://priscillapage.contently.com/,11,880
469,https://www.pierrefeu-du-var.fr/fonctionnalites/actualites-109/covid-19-le-fil-info-2330.html,2,173
470,http://jakub-linhart.blogspot.com/,11,2735
471,https://pbs.twimg.com/tweet_video_thumb/Ej3nvAyX0AAp-7G.jpg,0,0
472,https://www.india.com/,13140,8103
473,https://about.me/pramit.chatterjee,0,0
474,http://naattuvartha.byethost33.com/,0,0
475,https://www.parlement-wallonie.be/,139,1845
476,https://www.msnbc.com:443/all,12659,2509
477,http://www.young-un.org/,50,7083
478,https://cambridgetownowl.com/,3,35
479,https://rickyflores.com/,69,3855
480,https://www.lemonde.fr/emploi/,7152,7984
481,http://ethic.es/,289,3508
482,https://pbs.twimg.com/media/Ej3nY5aU8AAvDbo.jpg,0,0
483,https://www.weforum.org/agenda/2020/10/united-states-population-predictions-graph-millions-change?utm_source=twitter&utm_medium=social_scheduler&utm_term=COVID-19&utm_content=09/10/2020+07:00,0,0
484,https://orenbest.ru/osobyj-resurs-testiruemyh-na-covid-19-sozdali-v-orenburzhe/,0,0
485,https://www.prensa-latina.cu/index.php?o=rn&amp;id=402258&amp;SEO=alerta-ops-sobre-picos-de-infeccion-de-covid-19-entre-los-jovenes,0,0
486,https://www.renfe.com/content/renfe/es/es/cercanias/cercanias-valencia,0,0
487,https://www.hibya.com/,23,799
488,https://espreso.tv/news/2020/10/09/tryudo_poobicyav_bezplatnu_vakcynaciyu_vid_covid_19_v_kanadi,0,0
489,https://thewallwillfall.org/2020/10/05/removal-of-form-5-cremation-certificate-for-deaths-relating-to-covid-19-under-the-coronavirus-act/amp/?s=09,2,6
490,https://westernsaharawire.com/covid-19-2776-new-confirmed-cases-and-2788-recoveries-in-24-hours-ministry/?utm_source=dlvr.it&utm_medium=twitter,0,0
491,https://pbs.twimg.com/ext_tw_video_thumb/1314461295165550592/pu/img/MFU8tgMDbBusMXeX.jpg,0,0
492,https://viewpointeye.com.ng/,25,1077
493,http://www.ircon.org/index.php?lang=en,405,1283
494,https://crestintotal.ro/2020/10/09/samy-tutac-pandemia-de-covid-19-este-cea-mai-mare-provocare-pentru-bisericile-din-aceasta-generatie/,0,0
495,https://www.facebook.com/chittakar,4,3489
496,https://naviny.by/,2813,6670
497,http://isofarro.com/,28,4193
498,https://www.facebook.com/jamesjimcie,0,0
499,https://www.wcnc.com/,8166,7974
500,http://coreytsparks.blogspot.com/,16,2728
501,https://amic.asia/,63,1731
502,http://thegarrisoncenter.org/archives/15412,1,10
503,https://www.northyorks.gov.uk/,708,7930
504,https://www.merdeka.com/,3744,7669
505,https://techcrunch.com/2020/10/08/techs-role-in-the-covid-19-response-assist-dont-reinvent/,5,3
506,https://www.bourbonstreetllc.com/,46,2123
507,https://directsportspro.com/,4,796
508,https://tenderbulletins.co.za/tender-bulletin/covid-19-smme-safety-toolkits-hand-sanitisers/,0,0
509,https://www.metroworldnews.com/fayerwayer/2020/10/coronavirus-donald-trump-facebook/?from=fw,0,0
510,https://takas.lk/,404,3031
511,http://www.yalta-24.ru/za-predelami-yalty/26469-covid-19-v-krymu-za-sutki-140-zabolevshikh-37-vyzdorovevshikh,0,0
512,https://adolfo-urso.it/,7,968
513,https://www.bizjournals.com/pittsburgh,2203,7419
514,http://www.millenniumpost.in/,319,3087
515,https://pbs.twimg.com/media/Ej3nkPIWkAAcMhC.jpg,0,0
516,https://www.digimind.com/fr/,362,5355
517,http://www.joannablythmanwriting.com/,129,3293
518,https://www.nytimes.com/live/2020/10/08/world/covid-coronavirus/the-treatment-that-trump-touted-as-a-cure-for-covid-19-was-developed-using-cells-derived-from-fetal-tissue,6,3
519,https://pbs.twimg.com/media/Ej3mmy3VcAAULqf.jpg,0,0
520,https://www.youtube.com/watch?v=CAFPxggO9_Y&feature=youtu.be,0,0
521,https://gcreachrann.ie/,75,4700
522,https://www.tio.ch/,4222,7938
523,http://www.roshanskiver.com/,22,2298
524,https://heavenssecretgarden.vistaprintdigital.com/,0,0
525,https://chamomilehealth.co.uk/,10,2299
526,http://www.siryfflint.gov.uk/,155,6205
527,http://lekseek.com/,180,6051
528,https://www.linkedin.com/in/bertmouler,0,0
529,https://www.lorient-agglo.bzh/,657,1234
530,https://www.instagram.com/araveinology/,0,0
531,https://www.redaccionmedica.com/secciones/sanidad-hoy/covid-19-cierre-madrid-duracion-14-dias-confinamiento-salud-publica-normas-2369,0,0
532,https://www.modernlifeblogs.com/2020/08/9-ways-to-upgrade-your-skills-during-covid-19/,0,0
533,https://www.theguardian.com/world/2020/oct/05/did-early-focus-on-hand-washing-and-not-masks-aid-spread-of-covid-19-coronavirus,25,6
534,https://www.londonambulance.nhs.uk/,613,6863
535,https://www.theguardian.com/uk-news/2020/oct/08/national-trust-to-cut-1300-jobs-as-a-result-of-covid-19-crisis,2,3
536,https://www.change.org/,98995,8583
537,https://clinicaalcazar.es/,27,1621
538,https://caredevelopmenteast.co.uk/,21,813
539,https://www.europapress.es/,32473,7980
540,https://achtungpartisanen.ru/,138,1961
541,https://www.facebook.com/gabrielladiantonio,0,0
542,https://www.instagram.com/atieramustafa_/,0,0
543,https://muckrack.com/julie-butcher,0,0
544,https://paper.li/pascalpernai/1338052540,38,3052
545,https://www.guampdn.com/story/news/2020/10/09/fifty-five-test-positive-guam-covid-19-total-now-2-989-cases/5934557002/?csp=chromepush,0,0
546,https://thephilosophicalmuse.wordpress.com/,3,161
547,https://achtungpartisanen.ru/sberbank-smodeliroval-piki-zabolevaemosti-covid-19-v-rossii/,0,0
548,https://www.jn.pt/nacional/convivio-em-bar-contribui-para-surto-de-covid-19-entre-universitarios-12899839.html?utm_source=dlvr.it&utm_medium=twitter,0,0
549,https://www.linkedin.com/in/rt63sastrowardoyo/,0,0
550,https://www.eulerhermes.com/nl_BE.html,18,518
551,https://www.nbcnews.com/now/video/timeline-how-did-covid-19-spread-through-the-white-house-93191749640,3,6
552,http://css.ir/,314,6686
553,https://china-spotlightnews.co.uk/,0,0
554,https://www.bms.com/fr,80,829
555,https://www.linkedin.com/in/bnwimalasena,0,0
556,https://pbs.twimg.com/media/Ej03SnOXgAEyzWR.jpg,1,2
557,https://pbs.twimg.com/media/Ej3nXv6WoAcBXKZ.jpg,0,0
558,https://smart-translate.info/,92,3275
559,https://www.abc.net.au/news/2020-10-09/are-covid-positive-people-retested-to-confirm-negative-result/12623074,0,0
560,https://pbs.twimg.com/media/Ej3nELYVgAUzr6F.jpg,0,0
561,https://www.pwc.ro/,1498,4909
562,https://www.facebook.com/dragomiru,0,0
563,https://linktr.ee/newscentral,0,0
564,https://www.consultancy-me.com/news/3092/gccs-e-commerce-sector-surging-ahead-amid-covid-19,0,0
565,https://www.sgen-cfdt.fr/,255,6715
566,https://www.icmpd.org/fileadmin/1_2018/Libya_policy_brief.pdf,0,0
567,https://www.eastriding.gov.uk/,1322,7482
568,https://www.lafargeholcim.com/,1453,3540
569,http://www.confirmado.com.ve/,1169,4034
570,https://410h4.tumblr.com/#_=_,64,4079
571,https://totalfootballanalysis.com/author/petrick-sinuraya,0,0
572,https://yakutia-daily.ru/v-minzdrave-yakutii-nazvali-glavnye-kriterii-dlya-gospitalizaczii-bolnyh-covid-19/,0,0
573,http://news-santperepescador.vivist.eu/,18,2142
574,https://www.copperberg.com/?utm_source=Twitter&utm_medium=social&utm_campaign=HomePageTwitter&utm_term=marketing&utm_content=Home,2,1600
575,https://www.instagram.com/hurriyetcomtr/,895,2150
576,https://www.epsm-marne.fr/,76,2959
577,https://thehill.com/homenews/administration/520116-white-house-security-official-reported-to-be-gravely-ill-with-covid?__twitter_impression=true,0,0
578,https://chatbotnewsdaily.com/?gi=8a8309f740e8,0,0
579,https://www.info.elblag.pl/,781,6099
580,https://www.csoonline.com/article/3584759/the-covid-19-pandemic-has-become-a-catalyst-for-cyberattacks.html,0,0
581,https://pink.pharmaintelligence.informa.com/,647,1066
582,https://yandex.ru/news/story/SSHA_obvinili_Rossiyu_v_sabotazhe_sozdaniya_vakciny_ot_COVID-19--dd08a7e960309c3286e5497f7ba31901?lang=ru&lr=119993&persistent_id=115688717&stid=CDge4qRRV2wCgVG4EZKu,0,0
583,https://www.healthcareitnews.com/news/emea/investigation-launched-after-technical-error-misses-16000-covid-19-cases-england,5,4
584,https://www.instagram.com/beninlimbo/,0,0
585,https://takeindiaforward.blogspot.com/,1,147
586,https://www.msnbc.com/11th-hour/watch/trump-politicizes-covid-19-diagnosis-spreads-dangerous-falsehoods-93484613693?cid=sm_npd_ms_tw_bw,0,0
587,https://cronicadeoaxaca.com/van-17-mil-899-casos-positivos-de-covid-19-en-oaxaca-146-se-registraron-hoy/,0,0
588,https://pbs.twimg.com/media/Ej0g7BqUwAA9jgl.jpg,1,3
589,https://www.lloydsbankfoundation.org.uk/,141,2467
590,https://www.marthastewart.com/,20030,7985
591,https://www.rivm.nl/coronavirus-covid-19/grafieken,251,187
592,https://www.drkarlpopp.com/,111,4163
593,https://www.welt.de/vermischtes/article217484140/Talkshow-Maybrit-Illner-Das-kann-nicht-stimmen-was-Donald-Trump-da-behauptet.html?wtrid=socialmedia.socialflow....socialflow_twitter,0,0
594,http://www.merseydeealliance.org.uk/,107,6447
595,https://api.whatsapp.com/send?phone=%3C911800224344%3E&text=Hi,0,0
596,https://ohio8.vchecks.me/share/6YP8LW6YsW21?sid=833&scheme=https&host=antikor.com.ua&uri=%2farticles%2f413040-v_ukraine_planirovali_postroitj_5_mobiljnyh_gospitalej_dlja_boljnyh_covid-19_no_denjgi_potratili_na_dorogi__davidenko%3futm_referrer%3d&t=1602228846665&sad=v%2fgFIKMg%3d%3d&uid=qecFPbW6d0ebJQXJ&uct=1602228846639&kct=0&m=2&ver=7&flags=2176&ua=16363591595470215305&v=rnEwcOeOmwDdQ_2UbuVDWQ,0,0
597,https://mundofuntastic.com/,2,67
598,https://wonkhe.com/,317,3532
599,https://thinkpol.ca/2020/10/08/prince-edward-island-activates-federal-covid-19-phone-tracing-application/?utm_source=rss&utm_medium=rss&utm_campaign=prince-edward-island-activates-federal-covid-19-phone-tracing-application,0,0
600,https://apps.apple.com/fr/app/earlinews/id1473424181,0,0
601,https://vea.global/,39,487
602,http://sbmintel.com/,477,2165
603,https://www.businesslive.co.za/fm/,1984,1402
604,https://vimeo.com/241184289,0,0
605,http://councillorstephenmccabe.blogspot.com/,11,2724
606,https://pbs.twimg.com/media/Ej3m7EQXcAArpIw.jpg,1,2
607,https://www.telegraphindia.com/,9797,8514
608,https://pbs.twimg.com/media/Ej3aD1wXgAEA4Xq.png,0,0
609,https://ados101.com/,359,602
610,https://naviny.media/new/20201009/1602225694-chislo-zabolevshih-covid-19-prodolzhaet-rasti?utm_source=dlvr.it&utm_medium=twitter,0,0
611,https://www.esmmagazine.com/,510,3912
612,https://thinkpol.ca/2020/10/08/manitoba-premier-says-new-testing-sites-staff-will-cut-covid-19-testing-lineups/?utm_source=rss&utm_medium=rss&utm_campaign=manitoba-premier-says-new-testing-sites-staff-will-cut-covid-19-testing-lineups,0,0
613,http://uneclefdeschamps.overblog.com/,9,2705
614,http://es.linkedin.com/pub/kamal-romero/62/a38/155?trk=shareTw,0,0
615,http://dinathemovielovers.blogspot.com/,14,2728
616,https://www.balglobal.com/,460,4114
617,https://www.democraticaccent.com/scientists-detect-long-lived-antibodies-in-blood-saliva-samples-from-covid-19-patients/,0,0
618,https://www.thesouthafrican.com/news/world-map-where-worst-super-spreader-events-south-africa-covid-19-cases/,0,0
619,https://www.bussumsnieuws.nl/nieuws/coronavirus/188240/burgemeester-han-ter-heegde-gaat-met-jongeren-in-gesprek-over-v,0,0
620,https://www.polimerica.it/index.asp,1600,1743
621,https://zonajakarta.pikiran-rakyat.com/internasional/pr-18808737/walau-kena-covid-19-donald-trump-masih-berbahaya-karena-disampingnya-ada-pemicu-kiamat-dunia?page=2,0,0
622,http://www.cnmnewz.com/,197,2714
623,https://mynewsreview.com/,5,1337
624,https://www.instagram.com/jaliyalopez_photography/?utm_source=ig_profile_share&igshid=12xkbhn4blnee,0,0
625,https://www.shashikantyadav.com/,22,2124
626,https://www.protagon.gr/epikairotita/petsas-den-tha-anakoinwthoun-simera-nea-metra-44342138728,0,0
627,https://www.eluniversalqueretaro.mx/,832,2971
628,https://gocardless.com/,884,7021
629,https://www.europapress.es/internacional/noticia-protestas-ultraortodoxas-nueva-york-recientes-restricciones-frenar-contagios-covid-19-20201009061734.html,1,2
630,https://in.usembassy.gov/embassy-consulates/kolkata/,1358,1447
631,https://www.bloomberg.com/tosv2.html?vid=&uuid=4d5c53b0-0a06-11eb-b96e-d90ec5a2b4d8&url=L25ld3MvYXJ0aWNsZXMvMjAyMC0xMC0wOC9zdWljaWRlLXNwaWtlLWluLWphcGFuLXNob3dzLW1lbnRhbC1oZWFsdGgtdG9sbC1vZi1jb3ZpZC0xOQ==,100,788
632,https://www.instagram.com/djoua.uchiwa/?igshid=xnu57mcr75wd,0,0
633,https://vimeo.com/stevensantos,355,3221
634,https://www.lemonde.fr/societe/article/2020/10/06/un-million-de-nouveaux-pauvres-fin-2020-en-raison-de-la-crise-due-au-covid-19_6054872_3224.html,7,5
635,https://barta24.com/,169,3535
636,https://www.stiripesurse.ro/mai-multi-pompieri-din-botosani-care-s-au-vindecat-de-covid-19-au-donat-plasma_1514642.html,0,0
637,https://www.mwnw.nl/,63,3386
638,https://open.spotify.com/playlist/0ZNCdXsGOdLlwyWLoiRVlv?si=0QMF2EmMSqy4Ugr_AgzXHw,2,172
639,https://www.futureproofingcomms.co.uk/,39,1801
640,https://wgntv.com/news/coronavirus/willie-wilson-campaign-spokesman-test-positive-for-covid-19/,0,0
641,http://www.educacionyfp.gob.es/mc/sgctie/recursos-covid/desinformacion.html,0,0
642,https://www.aajtak.in/india/news/story/corona-confirmed-case-covid-19-death-toll-updates-8-october-2020-state-wise-corona-data-coronavirus-tracker-covid-19-india-health-ministry-lbs-1141955-2020-10-08,0,0
643,https://www.fitzandlaw.com/,77,3534
644,https://www.brian-coffee-spot.com/2020/10/08/chalk-coffee-covid-19-update/,0,0
645,https://qz.com/india/,1857,2314
646,https://broncoswire.usatoday.com/,3550,1735
647,https://www.youtube.com/watch?v=9P16xvwMQ5A,21,983
648,http://www.icolabotal.com/,83,5027
649,https://electricliterature.com/native-american-and-indigenous-lit-forge-new-trails/,17,1586
650,https://www.linkedin.com/in/diptipandya/,0,0
651,https://central-ua.tv/news/47115/,0,0
652,https://www.amazon.co.uk/hz/wishlist/ls/3LRXQI2PU7N4B?type=wishlist&filter=unpurchased&sort=priority,0,0
653,https://www.rfi.fr/fr/france/20201008-covid-19-en-france-nouvelles-villes-plac%C3%A9es-en-%C3%A9tat-d-alerte-maximale,0,0
654,https://www.kampakollektiv.ch/,4,236
655,http://www.navycapital.asia/,1,800
656,https://www.metrotvnews.com/,9419,7192
657,https://www.cpias-nouvelle-aquitaine.fr/,13,981
658,https://www.moneyweb.co.za/moneyweb-radio/moneyweb-now/spurs-post-lockdown-business-a-new-normal-for-supply-chains-and-fnbs-new-etn-offering/,0,0
659,https://www.tameside.gov.uk/,1388,8581
660,https://pbs.twimg.com/media/Ej20oPaWsAYE9F0.jpg,1,2
661,http://www.brookfieldherbal.co.uk/,38,2718
662,https://ecambiomed.com/,1,83
663,https://www.deutschesgesundheitsportal.de/,54,5993
664,https://www.instagram.com/binetaloupdy/?igshid=snjzuroj72mm,0,0
665,https://www.huffpost.com/life/,2439,4418
666,https://1cak.com/of-rotanmen,1,737
667,https://www.corbeil-essonnes.fr/,42,5881
668,https://www.youtube.com/watch?v=XG5xMtg-PEQ,14,1046
669,https://www.mcebiscoo.com/covid-19-ncdc-confirms-103-new-cases-12-states-fct-59841-total/,0,0
670,https://www.brian-coffee-spot.com/,153,2914
671,https://zerodropout.co.za/,3,9
672,https://www.cnbc.com/2020/10/07/cdc-confirms-airborne-transmission-of-covid-19-how-to-prevent-spread.html?__source=twitter%7Cmakeit+,0,0
673,https://www.orizzontescuola.it/,2294,6212
674,https://www.linkedin.com/in/eduardogarciatoledano,0,0
675,http://www.linkedin.com/in/jwschneider1,0,0
676,https://www.newscientist.com/,36602,8734
677,https://www.smithandriley.co.uk/,19,2243
678,http://www.productivitysa.co.za/,84,4691
679,http://www.linktr.ee/rrrobert,0,0
680,https://www.kent.ac.uk/biosciences/people/1036/ellis-peter,2,136
681,https://thinkpol.ca/2020/10/08/covid-19-vaccine-still-months-away-but-review-team-working-to-speed-approvals/?utm_source=rss&utm_medium=rss&utm_campaign=covid-19-vaccine-still-months-away-but-review-team-working-to-speed-approvals,0,0
682,https://www.bnkomi.ru/,453,4926
683,https://secreto.site/id/13866300,1,152
684,https://www.instagram.com/himanshi_37/,0,0
685,https://racurs.ua/n144907-novyy-rekord-covid-19-v-ukraine-statistika-priblizilas-k-6-tysyachnoy-otmetke.html,0,0
686,https://lexichronic.com/democrats-hide-early-christmas-present-for-cannabis-businesses-in-covid-19-relief-bill/,0,0
687,http://www.diannacohen.com/,160,7249
688,https://www.allianceparty.org/,906,7930
689,http://www.algemeiner.com/,5078,6532
690,http://leksykon.com.pl/ke-podpisala-umowe-na-dostawy-remdesiviru-dla-leczenia-chorych-na-covid-19-110466-artykul.html,0,0
691,http://www.msn.com/en-us/news/politics/trump-politicizes-covid-19-diagnosis-spreads-dangerous-falsehoods/vi-BB19QglE?ocid=st2,0,0
692,https://www.pofreight.com/,31,6034
693,https://www.tamesideandglossopccg.org/,191,2750
694,https://www.gov.uk/government/statistics/national-flu-and-covid-19-surveillance-reports,1,3
695,https://www.boxingscene.com/santa-cruz-father-nearly-died-from-covid-19-back-gym-helping-train-son--152334?utm_source=dlvr.it&utm_medium=twitter,0,0
696,https://thewrestlingwreport.wordpress.com/,0,0
697,https://revistavocesdelmisterio.wordpress.com/,130,2907
698,https://lexichronic.com/,75,2488
699,https://linktr.ee/Laurawithwoman,0,0
700,https://www.reuters.com/journalists/se-young-lee,513,1691
701,https://pbs.twimg.com/media/Ej3mbbEXYAEvfTr.jpg,0,0
702,http://www.covid19.gov.ao/,92,175
703,https://www.amyratcliffe.com/,13,2706
704,http://linktr.ee/david_papp,0,0
705,https://linktr.ee/RubySamYoungZ,0,0
706,https://pbs.twimg.com/media/Ej3nM_3VgAAi1kV.jpg,1,2
707,https://www.felixsaterresearch.com/,3,148
708,https://www.lefigaro.fr/sortir-paris/pairs-une-semaine-pour-sortir-en-toute-intimite-20201006?origine=VWT16001&utm_campaign=echobox&utm_medium=Social&utm_source=Twitter#Echobox=1602077051,0,0
709,https://spiritueljoy.com/,2,29
710,https://cicopamonde.blog4ever.com/articles,11,1387
711,https://setyoblog.wordpress.com/2020/08/24/coronavirus-updates-trump-warns-a-painful-two-weeks-are-ahead-for-the-u-s-covid-19-news/,0,0
712,https://sverigesradio.se/artikel/7571001,0,0
713,https://pbs.twimg.com/media/Ej3b9BiUwAAHs8G.jpg,1,2
714,https://e-bot7.com/,88,1589
715,http://www.tommiebrewster.com/,117,4280
716,https://paper.li/Megabox8/1348165974,3,2672
717,https://www.tio.ch/dal-mondo/cronaca/1466903/visoni-allevamenti-utah-morti-uniti,0,0
718,https://mobile.francetvinfo.fr/sante/maladie/coronavirus/covid-19-l-epidemie-a-accentue-les-inegalites-sociales-en-france-selon-une-enquete-de-l-inserm_4134725.html#xtref=https://mobile.francetvinfo.fr/,0,0
719,https://linktr.ee/realwesleywess,0,0
720,https://ireporteronline.com.ng/italy-makes-wearing-of-nose-cover-in-public-compulsory-after-surge-in-covid-19-cases/?utm_source=rss&utm_medium=rss&utm_campaign=italy-makes-wearing-of-nose-cover-in-public-compulsory-after-surge-in-covid-19-cases,0,0
721,https://doc1.wordpress.com/,13,4183
722,https://ria.ru/,48710,7317
723,https://www.lemonde.fr/planete/article/2020/10/08/covid-les-lacunes-des-donnees-de-sante-publique-france_6055280_3244.html,2,3
724,https://www.cbc.ca/news/canada/british-columbia/bc-covid-19-update-thursday-1.5755728,2,2
725,https://www.thebusinessblurb.com/companies-hiring/?utm_source=rss&utm_medium=rss&utm_campaign=companies-hiring,0,0
726,https://gazetabrasil.com.br/mundo/trump-promete-remedios-para-covid-19-sem-custo-e-ameaca-china-irao-pagar-alto-por-isso/,1,2
727,https://www.accenture.com/fr-fr,689,3546
728,https://www.anamnese.me/,4,654
729,http://kalysis.com/,307,6772
730,https://pbs.twimg.com/media/Ej0Cf2MUwAA0yrj.jpg,0,0
731,https://lavozdemoron.es/,122,2795
732,https://medium.com/@martinbishop_13070,2,272
733,https://tshepo.mobi/Home/Index/EN,0,0
734,https://pollingersocial.co.uk/,28,681
735,https://yakutia-daily.ru/,322,373
736,https://actu.orange.fr/france/marseille-l-ihu-de-didier-raoult-ne-dispose-pas-de-lits-de-reanimation-pour-les-patients-atteints-d-une-forme-grave-du-covid-19-magic-CNT000001tUzB0.html,0,0
737,https://www.forbes.com/sites/andymeek/2020/10/07/dan-rather-has-some-advice-for-journalists-in-the-era-of-trump-truthiness-and-covid-19/,1,3
738,https://www.darulmadinah.net/,196,2622
739,https://www.scientificamerican.com/article/covid-19-is-now-the-third-leading-cause-of-death-in-the-u-s1/,6,3
740,https://www.sobre-t.com/ante-covid-19-el-ser-humano-debe-asegurarse-que-las-vias-respiratorias-funcionan-al-100/,0,0
741,https://www.theguardian.com/commentisfree/2020/sep/24/pandemic-accelerate-evolution-cities-covid-19-norman-foster,40,17
742,https://inegolyerelhaber.com/haber/covid-19_insan_derisinde_9_saat_kaliyor_-41070.html,0,0
743,https://news.livedoor.com/article/detail/19028423/,0,0
744,https://www.youtube.com/channel/UCE2D3bGYs26ahUFlE3B3xvg?sub_confirmation=1,0,0
745,https://www.researchgate.net/profile/Bertha_Vallejo,0,0
746,https://www.instagram.com/makgoba_thabang/?r=nametag,0,0
747,https://www.medecinsdumonde.org/en,149,1590
748,http://www.shapar.net/,39,6228
749,https://www.freemalaysiatoday.com/,34621,3987
750,https://www.ncbs.res.in/,649,7134
751,https://www.newscientist.com/article/mg24833031-000-will-robots-and-ai-take-our-jobs-in-covid-19s-socially-distanced-era/?utm_medium=social&utm_campaign=echobox&utm_source=Twitter#Echobox=1602175671,1,3
752,https://www.reuters.com/article/us-health-coronavirus-australia-idUSKBN26U0AX,1,2
753,https://www.ier.org.uk/,387,7600
754,https://www.worldometers.info/,12777,5878
755,https://www.facebook.com/flx/warn/?u=https%3A%2F%2Fwww.mycariboonow.com%2F66372%2Fbc-surpasses-the-10000-covid-19-mark%2F&h=AT2hU826_pKnX3qCejxZ3oTpLKRaMib7y7u6Ysr7mXD9zjMqr34PjrbuEu7qZK83kjs3pNWytZPCXvSprJw4DZDbNvDCVnesZW993Tfi_0P_0M8g8YdTIs_pgVIkE4gM,0,0
756,https://unfitfilm.com/,102,520
757,https://pbs.twimg.com/media/Ej3nQDsXkAAJqfk.jpg,0,0
758,https://forsal.pl/,4192,4388
759,https://www.hurriyet.com.tr/yazarlar/sedat-ergin/ikinci-dalgada-covid-19un-avrupa-ve-turkiyedeki-seyrine-bakinca-41631609,0,0
760,https://www.facebook.com/politicsandyou,0,0
761,https://mastodon.social/@bradbell,0,0
762,https://www.flickr.com/photos/129060241@N02/,0,0
763,https://www.dn.pt/,14061,8764
764,https://soundcloud.com/bangtan/firstjim,0,0
765,http://brasschecktv.com/,1201,5225
766,https://www.rfi.fr/fr/podcasts/20201008-covid-19-le-plan-blanc-d%C3%A9clench%C3%A9-les-%C3%A9tablissements-sant%C3%A9-en-%C3%AEle-france,0,0
767,http://www.millenniumpost.in/big-stories/scientists-detect-long-lived-antibodies-in-blood-saliva-samples-from-covid-19-patients-420603?utm_campaign=pubshare&utm_source=Twitter&utm_medium=729655926433689600&utm_content=auto-link&utm_id=232,0,0
768,https://teaching-maths.com/,3,798
769,http://mardishongrois.blogspot.com/,104,3341
770,https://pbs.twimg.com/media/Ej3m-5sUcAEbdjv.jpg,0,0
771,https://www.weforum.org/great-reset/,166,128
772,http://www.oinfo.uk/,5,997
773,https://www.protagon.gr/,1611,4177
774,https://pbs.twimg.com/media/Ej3hwigU0AEuEro.jpg,0,0
775,https://www.esto.com.mx/508372-f1-mercedes-positivo-covid-19-gran-premio-eifel/,0,0
776,https://www.inail.it/cs/internet/comunicazione/news-ed-eventi/news/news-factsheet-ergonomia-scolastica-2020.html&tipo=news,0,0
777,http://ww1.my-news-feed.com/?link=https://metalinjection.net/news/ozzy-osbourne-on-covid-19-it-will-kill-your-ass&ref=RockNewsFeed&sub1=20201009-1803-5384-a026-d2b854fbe382,0,0
778,http://www.gazetatema.net/en/donald-trump-is-ready-for-return-to-public-events-after-falling-ill-with-covid-19-says-doctor/,0,0
779,https://alsaceprotection.com:443/,5,134
780,https://www.rfi.fr/fr/france/20201008-covid-19-course-vaccin-et-autres-nouvelles-scientifiques,0,0
781,https://www.nj.com/coronavirus/2020/10/ex-nj-gov-chris-christie-stays-in-hospital-for-6th-day-with-covid-19-murphy-calls-him-a-jersey-fighter.html,1,2
782,https://www.businesslive.co.za/,17499,3523
783,https://www.amehnews.com/,89,3016
784,http://www.econotimes.com/,533,6529
785,https://www.reddit.com/r/Sino/,2136,1828
786,https://www.mae.gov.bi/,19,814
787,https://www.i24news.tv/fr/actu/international/moyen-orient/1602217660-le-negociateur-en-chef-des-palestiniens-teste-positif-au-covid-19,0,0
788,https://yk24.ru:443/,210,2557
789,https://www.channelstv.com/2020/10/04/covid-19-new-york-mayor-announces-shutdown-plan-for-nine-neighborhoods/?utm_source=dlvr.it&utm_medium=twitter,0,0
790,http://www.marektatala.pl/,102,2611
791,https://romah24.com/trieste-salario/,359,926
792,https://www.azcentral.com/story/news/local/scottsdale-education/2020/10/08/parents-debate-hiding-covid-19-test-results-football-games-canceled/3630144001/,0,0
793,http://www.vvkloosterhaar.nl/covid-19/,0,0
794,https://www.abbvie.it/,125,2687
795,https://www.anti-k.org/2020/10/08/covid-19-mais-ou-est-donc-passe-le-plan-massif-pour-lhopital-promis-par-macron/,1,3
796,https://www.facebook.com/realCandaceOwens/videos/2843261019285683/,0,0
797,https://www.facebook.com/yugan23/,0,0
798,https://www.instagram.com/maelle_bullet/,0,0
799,https://www.amazon.com/Henry-David-Thoreau-Collected-Library/dp/1883011957/ref=as_li_ss_tl?&hvadid=&hvpos=&hvnetw=o&hvrand=&hvpone=&hvptwo=&hvqmt=e&hvdev=c&hvdvcmdl=&hvlocint=&hvlocphy=&hvtargid=pla-4583932699553768&psc=1&linkCode=sl1&tag=avnshop-20&linkId=b63aa1e7030d08b8d6204af6825e245a&language=en_US,0,0
800,https://ec.europa.eu/knowledge4policy/migration-demography_en,26,532
801,https://johnvicencio.com/,61,6939
802,https://techcrunch.com/2020/10/06/trump-flu-covid-misinformation-facebook-and-twitter/,9,5
803,https://politybooks.com/bookdetail/?isbn=9781509543083,2,25
804,https://ameblo.jp/shotokando,0,0
805,https://informator.press/,50,419
806,https://www.jfmshinecleaningservices.com/,0,0
807,https://brandinside.asia/covid-spread-in-german-it-will-rise-19000-per-day/,0,0
808,https://www.publicserviceworks.com/,29,3540
809,https://www.kathimerini.gr/authors/?id=17,34,2454
810,https://www.twitlonger.com/show/n_1sre6gr,0,0
811,https://www.dotcomnieuws.com/covid-19/videos-9-10-2020-deel-2/,0,0
812,https://www.youtube.com/user/FUNNAGAN,0,0
813,https://medium.twngo.xyz/?gi=19fe9f224a09,0,0
814,https://www.goulburnpost.com.au/story/6962356/new-covid-19-case-detected-in-goulburn-mulwaree/?src=rss,0,0
815,https://www.econotimes.com/Melania-Trump-Heres-the-First-Lady-health-condition-as-she-battles-COVID-19-1593755,0,0
816,https://www.radiothiva.gr/content/5782/koronoios-eksi-nea-kroysmata-sti-boiotia-deka-stin-eyboia-,0,0
817,https://www.thedailyvox.co.za/,711,2307
818,https://www.100percentfoundation.org.za/,0,0
819,https://www.facebook.com/apunksof,0,0
820,https://planetradio.co.uk/hallam/local/news/,76,1345
821,https://jordanschachtel.substack.com/p/buried-lede-new-who-estimate-downgrades,0,0
822,https://pbs.twimg.com/media/Ej3nAhkXYAA8RJF.jpg,0,0
823,https://news.sky.com/story/coronavirus-most-people-who-test-positive-for-covid-19-have-no-symptoms-when-they-take-test-study-12098864,1,3
824,https://pib.gov.in/,405,3698
825,https://www.dariovero.com/,59,4658
826,https://www.mrmv.ie/,13,1673
827,https://concilium-hr.co.uk/,17,1966
828,http://tropico.com/,79,7134
829,http://www.travel2heaven.co.uk/,4,2173
830,https://www.facebook.com/pages/p/1584903655114126,0,0
831,https://newsfilter.io/articles/moderna-vows-not-to-enforce-covid-19-vaccine-patents-during-pandemic-9500bec7f617c5b6379bb2722e545fef,0,0
832,https://www.lemonde.fr/societe/article/2020/10/09/le-covid-19-une-maladie-socialement-inegalitaire_6055347_3224.html,0,0
833,https://www.instagram.com/kkn.029.umy/,0,0
834,https://3rm.info/main/82075-znajte-svoi-prava-mintrud-rabotodatel-ne-vprave-trebovat-spravku-o-teste-na-covid-19.html,0,0
835,https://www.se.pl/,8795,7930
836,https://www.bbc.co.uk/news/england/cumbria,5838,3482
837,https://www.lavozdelafrontera.com.mx/doble-via/salud/pandemia-afecta-salud-mental-de-una-de-cada-dos-personas-cruz-roja-pandemia-epidemia-contagios-coronavirus-covid-19-5861666.html,0,0
838,https://pbs.twimg.com/media/EjwW1sWX0AEhpOv.jpg,3,4
839,https://www.telegraph.co.uk/,118349,8764
840,https://www.npr.org/sections/latest-updates-trump-covid-19-results/2020/10/08/921629391/trump-still-on-steroids-how-these-drugs-are-typically-used-to-treat-covid-19?utm_medium=RSS&utm_campaign=news,0,0
841,https://www.lefigaro.fr/flash-actu/covid-19-4-5-des-francais-de-metropole-avaient-des-anticorps-en-mai-estimation-20201009,0,0
842,https://www.bankfax.ru/news/138769/,0,0
843,https://www.mineralscouncil.org.za/,60,864
844,https://otoolefan.wordpress.com/,119,3838
845,https://www.dn.pt/mundo/siga-aqui-o-mais-importante-sobre-a-pandemia-de-covid-19-12900050.html?utm_source=dlvr.it&utm_medium=twitter,0,0
846,https://www.littlebytesnews.com/,200,5565
847,https://pbs.twimg.com/media/Ej3nLmiUcAEidVV.jpg,0,0
848,https://www.cnbc.com/MakeIt,94,1419
849,https://www.covermagazine.co.uk/news/4021375/covid-19-major-life-event-triggering-protection-interest,0,0
850,http://www.linkedin.com/in/jorge-bronet-campos,0,0
851,http://www.fyind.org/,21,3914
852,https://sverigesradio.se/uppland,863,5419
853,https://mailchi.mp/bbf6baee4e77/belangrijk-reanimaties-weer-volgens-covid-19-richtlijn-en-vanaf-13-oktober-alarmeren-wij-je-vanaf-een-nieuw-telefoonnummer?e=56fe07795e,0,0
854,https://pbs.twimg.com/media/Ej1VtvzWoBEErV1.jpg,1,3
855,https://newsfilter.io/,15,331
856,http://emergencias-vs-urgencias.blogspot.com/,10,3241
857,https://polizei.news/,217,1414
858,http://www.mcebiscoo.com/,92,671
859,https://patriotswire.usatoday.com/2020/10/08/podcast-why-the-nfl-put-the-patriots-in-a-terrible-situation-with-covid-19/,0,0
860,http://www.ipsnews.net/,30866,7205
861,https://independent.academia.edu/AnaMoreno141,1,695
862,https://pbs.twimg.com/ext_tw_video_thumb/1314453218651525120/pu/img/Ry_5FRyJPZ38_18A.jpg,0,0
863,https://www.facebook.com/100003793488290/posts/2037222886414141/?sfnsn=mo,0,0
864,https://lehren.com/news/india/maha-man-beaten-for-allegedly-sneezing-spitting-in-public-amid-covid-19/34934/,0,0
865,https://www.alchilepoblano.com/,134,2754
866,https://donorbox.org/support-the-hive,3,177
867,https://startup.info/fr,1106,1349
868,https://about.me/binesh.amarasekara,0,0
869,https://www.malaymail.com/news/malaysia/2020/10/09/covid-19-pandemic-shouldnt-deter-sarawak-from-holding-polls-soon-say-analys/1911134,0,0
870,https://www.reportsandmarkets.com/,114,2672
871,http://www.enablelanka.org/,26,1238
872,http://www.granma.cu/cuba-covid-19/2020-10-08/cuba-informara-en-proximos-dias-sobre-proceso-de-unificacion-monetaria-y-cambiaria,1,2
873,https://abc7ny.com/6872295/?ex_cid=TA_WABC_TW&taid=5f800a7b5f995200015e9dfb&utm_campaign=trueAnthem:+Trending+Content&utm_medium=trueAnthem&utm_source=twitter,0,0
874,https://www.bbc.com/news/uk-54463081,1,3
875,http://oldgreycells.blogspot.com/,10,1840
876,https://pbs.twimg.com/media/Ej01a0VWAAAoiN5.jpg,1,3
877,https://atinxsb19.com/,19,82
878,https://www.foxnews.com/health/nyc-releases-covid-19-outbreak-map,4,3
879,https://www.cronicadeoaxaca.com/403.shtml,1,14
880,https://www.aljazeera.com/news/2020/10/9/china-joins-covax-un-backed-global-covid-19-vaccine-facility,1,2
881,http://www.bratislava.veleposlanistvo.si/,72,2654
882,https://linktr.ee/inteligovbr,0,0
883,https://www.instagram.com/r1zk1fahr3za1995/,0,0
884,https://strata.blogs.bristol.ac.uk/,0,0
885,https://telanganatoday.com/,388,5973
886,https://www.futureproofingcomms.co.uk/thelatest/2020/9/28/pr-industry-in-upheaval-but-resilient-as-it-comes-to-terms-with-covid-19-and-brexit,0,0
887,https://polizei.news/2020/10/09/kanton-nw-covid-19-gesundheitsamt-appelliert-an-eigenverantwortung/,0,0
888,https://www.theschoolandfamilyworks.co.uk/,58,3877
889,https://stateofmiamistudios.com/,0,0
890,https://www.youtube.com/watch?v=gRJ5_bMggWQ&feature=youtu.be,0,0
891,https://www.youtube.com/channel/UCyJbBxrK79Zg-eChty8Bc0Q?app=desktop,0,0
892,https://elitediario.com/china-se-suma-a-la-plataforma-para-distribuir-la-vacuna-del-covid-19/,1,2
893,https://don24.ru/rubric/transport/ekspert-rasskazal-kak-ne-podhvatit-covid-19-v-obschestvennom-transporte.html,0,0
894,https://www.legit.ng/1373019-us-election-trump-doubtful-2nd-debate-contracting-covid-19.html,0,0
895,http://www.pp.es/,2324,8695
896,http://www.linkedin.com/in/msirakov/,0,0
897,https://www.abc.net.au/news/2020-10-09/indonesia-labour-law-protests-coronavirus-covid-19/12746812,1,2
898,https://www.instagram.com/syana_syazana/,0,0
899,https://www.sobre-t.com/,123,3194
900,https://llhs.com/,60,7191
901,https://shermanoakshearing.com/,59,3771
902,https://www.nursingtimes.net/news/research-and-innovation/nurse-experiences-of-racism-during-covid-19-focus-of-new-film-project-06-10-2020/,1,2
903,https://pbs.twimg.com/media/Ej3nYwVXsAA0ygs.jpg,1,2
904,https://www.facebook.com/CHMRsRingRust/?refid=52&_ft_a=10692262171&_ft_tf=10150324223857172&_ft_tpi=10692262171&_ft_ti=22&_ft_sai=2415120374&_ft_fth=c655313015cd32de&_ft_src=2&_ft_time_ft=1318863900&_Ft_mf_objid=10150324223857172,0,0
905,http://liverpool-leftovers.blogspot.com/,42,3436
906,https://pbs.twimg.com/media/Ej3hGVnWoAAdBhV.jpg,1,2
907,https://tbcindia.gov.in/,520,1962
908,https://pulsmedycyny.pl/ppoz-nie-wystawiamy-zaswiadczen-o-przeciwwskazaniach-do-noszenia-maseczek-1004830,1,2
909,https://yk24.ru/index/koronavirus/vakczinacziya-yakutyan-protiv-koronavirusa-mozhet-nachatsya-v-fevrale-2021-goda,0,0
910,https://www.clinicbarcelona.org/ca,82,442
911,https://www.techrepublic.com/article/gartner-these-5-areas-of-digital-commerce-will-be-transformed-by-covid-19/#ftag=RSS56d97e7,0,0
912,https://redradiove.com/,41,765
913,http://upflow.co/l/NHHM,0,0
914,https://www.amdietetics.com/,113,2727
915,https://www.voanews.com/,27670,7276
916,https://naukawpolsce.pap.pl/aktualnosci/news%2C84179%2Cekspert-tracimy-troche-kontrole-nad-covid-19-zarazaja-glownie-dzieci.html,0,0
917,https://www.diarioveterinario.com/,27,617
918,https://pbs.twimg.com/media/Ej3ZVvyXYAAX2tw.png,5,2
919,https://www.yenisafak.com/en/news/covid-19-turkish-economy-to-be-among-fastest-recovered-3551283,0,0
920,https://elperuano.pe/noticia-cerca-700-bomberos-se-recuperaron-de-covid19-villas-temporales-essalud-105057.aspx,0,0
921,https://www.instagram.com/clelialivigni/,0,0
922,https://www.weightwatchers.com/fr/,1043,1809
923,https://www.hospimedia.fr/actualite/articles/20201008-psychiatrie-le-groupe-ressource-psy-covid-19-est,0,0
924,https://www.bryonyseries.com/,36,3176
925,https://www.gonewsindia.com/,109,449
926,http://geographiesenmouvement.blogs.liberation.fr/2020/10/08/ou-attrape-t-le-covid-19/,0,0
927,http://adollarandandadream.blogspot.com/,9,1722
928,https://www.technologyreview.com/2020/10/08/1009822/covid-19-surveillance-electronic-ankle-monitors-opinion/,0,0
929,https://ccforum.biomedcentral.com/covid-19-updates,1,64
930,https://ksltv.com/446696/utah-reports-1501-new-covid-19-cases-5-new-deaths-237-current-hospitalizations/,0,0
931,https://i14sports.com/,0,0
932,https://onerazzchannelservices.wordpress.com/,7,145
933,https://strideactive.org/,0,0
934,https://www.reuters.com/article/health-coronavirus-gilead-sciences-idUSKBN26U06P?taid=5f80049453c9a00001f37714&utm_campaign=trueAnthem:+Trending+Content&utm_medium=trueAnthem&utm_source=twitter,0,0
935,https://www.nwherald.com/2020/10/07/lake-in-the-hills-first-marijuana-dispensary-perhaps-way-to-make-up-for-covid-19-revenue-shortfalls-officials-say/ard9k6z/,1,2
936,https://valor.globo.com/brasil/noticia/2020/10/08/brasil-se-aproxima-de-149-mil-mortes-por-covid-19-aponta-ministerio-da-saude.ghtml,1,2
937,http://www.northamptonshireccg.nhs.uk/,25,179
938,https://www.interfax.ru/russia/730702?utm_source=twitter.com&utm_medium=social&utm_campaign=uchenye-rf-razrabotali-novyy-metod-lecheni,0,0
939,https://robinsonchar.info/,133,3000
940,https://www.justiceandpeacescotland.org.uk/,236,6119
941,https://madison.com/search/ct/?k=%23ct&q=howard+waddell&s=start_time&sd=desc&l=10&nsa=eedition,1,451
942,https://pbs.twimg.com/media/Ej3m_REWkAACfdS.jpg,0,0
943,https://www.nestle.com/,14348,8686
944,https://www.ebay.co.uk/usr/digvinyl,0,0
945,https://www.ostro.org/general/society/news/598772/,0,0
946,https://www.clinicbarcelona.org/ca/asistencia/recerca-covid-19,0,0
947,https://www.facebook.com/northyorkshirelive/,1,58
948,http://www.jennieselman.com/,17,3534
949,https://soundcity.tv/,381,5467
950,https://pbs.twimg.com/media/Ej3nRqJWoAMgD92.png,1,2
951,http://drinkpi.com/,36,3533
952,https://www.facebook.com/470265436473213/posts/1700022630164148/,0,0
953,https://www.youtube.com/user/B2BGreenNow,4,2631
954,https://www.postguam.com/,847,1855
955,https://beautifuldisaster.carrd.co/,0,0
956,https://soundcity.tv/music/gh/for-the-covid-19-lockdown-listen-to-flowstone-kings-quarantine-flow/,0,0
957,https://www.wnews.press/,7,215
958,https://www.gonewsindia.com/latest-headlines/covid-19-india-tally-crosses-69-lakh-mark-over-a-lakh-dead-1245,0,0
959,https://github.com/igorecarrasco/covidbot,1,29
960,https://moscow-baku.ru/,156,2124
961,https://www.unispital-basel.ch/ueber-uns/bereiche/medizin/kliniken-institute-abteilungen/infektiologie-spitalhygiene/,1,65
962,https://eniort.com/,10,798
963,https://ecomnews.fr/,125,2171
964,https://www.europesfutures.eu/,1,62
965,https://linktr.ee/carthern,0,0
966,http://www.treysongz.com/,1363,5726
967,https://www.adsmurai.com/,137,2416
968,https://www.diariodexalapa.com.mx/,1327,7023
969,http://livearad.ro/,174,2656
970,https://www.instagram.com/isyarayyan/,0,0
971,http://www.fao.org/statistics,146,5329
972,http://www.garciabautista.net/blog/,53,2668
973,http://marius-muenstermann.de/,21,1982
974,http://karelinform.ru/,3444,5949
975,https://www.isesassociation.com/,284,7974
976,https://nypost.com/2020/10/08/trump-i-beat-covid-19-because-im-a-perfect-physical-specimen/,2,3
977,https://www.fni.fr/vaccination-antigrippale-et-covid-19-les-idel-acteurs-cles-de-la-campagne/?utm_source=dlvr.it&utm_medium=twitter,0,0
978,https://www.nickabasolo.com/,0,0
979,https://soundcloud.com/poltheoryother,10,857
980,https://www.ireporteronline.com.ng/,91,871
981,https://www.malliard.com/,653,5357
982,http://www.johnjasonfallows.com/,47,3533
983,https://www.instagram.com/shazmitito/,0,0
984,https://hibya.com/rta-laboratuvarlari-yeni-hizli-tani-testi-calismalarini-tamamladi-09102009.html,0,0
985,https://www.youtube.com/channel/UCg8FbWC91BucDIEvGpum4DA,10,528
986,https://www.cheshirewestandchester.gov.uk/home.aspx,360,1226
987,https://www.youtube.com/watch?v=iu_Gs7N4lGk&feature=youtu.be,0,0
988,https://ireporteronline.com.ng/students-parents-protest-as-delta-state-higher-institutions-impose-covid-19-fees-on-undergraduates/?utm_source=rss&utm_medium=rss&utm_campaign=students-parents-protest-as-delta-state-higher-institutions-impose-covid-19-fees-on-undergraduates,0,0
989,http://www.bertrorije.com/,32,2696
990,https://thehimalayantimes.com/nepal/bpkihs-reports-two-new-covid-19-related-fatalities/,0,0
991,https://www.lemonde.fr/societe/article/2020/10/08/covid-19-les-ars-et-pole-emploi-tentent-de-pallier-la-penurie-de-personnel-dans-les-ehpad_6055275_3224.html,3,3
992,https://www.youtube.com/watch?v=fpsS28nfjmI&app=desktop,0,0
993,http://www.nbdpress.com/,68,1354
994,http://bardalades.blogspot.com/,13,2759
995,http://www.gemsafety.co.uk/,1,66
996,https://diariomendozasur.com/regionales/covid-19-general-alvear-sumo-25-nuevos-casos-y-un-fallecido,0,0
997,https://about.me/lisa_simpsonlk,10,2626
998,http://eldiario.com/,478,7669
999,https://m.gsb.ug/#/register?reff=1&utm_source=Affiliate&utm_medium=Influencers&utm_campaign=lo-Jesse,7,199
1000,https://www.huffpost.com/,30777,5364
1001,https://www.yorkshireeveningpost.co.uk/,3229,7624
1002,https://pbs.twimg.com/media/Ej3kboWXYAY40ZK.jpg,1,2
