,Domain
0,dcclothesline.com
1,beforeitsnews.com
2,theeventchronicle.com
3,nydailynews.com
4,sputniknews.com
5,therussophile.org
6,themillenniumreport.com
7,theintercept.com
8,dailymail.co.uk
9,cnn.com
10,lewrockwell.com
11,veteranstoday.com
12,thedailybeast.com
13,thetruthseeker.co.uk
14,cbsnews.com
15,worldtruth.tv
16,upi.com
17,globalresearch.ca
18,investmentwatchblog.com
19,mirror.co.uk
20,washingtonpost.com
21,nbcnews.com
22,nytimes.com
23,foxnews.com
24,theantimedia.org
25,thefreethoughtproject.com
26,blacklistednews.com
27,fellowshipoftheminds.com
28,rt.com
29,intellihub.com
30,thestar.com
31,heavy.com
32,thedailysheeple.com
33,breitbart.com
34,activistpost.com
35,presstv.com
36,abovetopsecret.com
37,infowars.com
38,21stcenturywire.com
39,theguardian.com
